[
  {
    "filename": "a5bd29a5-186e-435d-9e45-47f37fdfff75_Demonstrativo-abril_2024.pdf",
    "crm": "6091",
    "periodo": "abril de 2024",
    "apresentado": "R$ 2,764,39",
    "glosa": "R$ 0,00",
    "id": 1,
    "lote": "a5bd29a5-186e-435d-9e45-47f37fdfff75_Demonstrativo-abril_2024.pdf",
    "total_procedimentos": 10,
    "liberado": "R$ 2,764,39",
    "upload_time": "2025-05-03T14:02:26.229323"
  },
  {
    "filename": "788b743d-050f-4b62-b719-a012b89cd47e_Demonstrativo-outubro_2024.pdf",
    "crm": "6091",
    "periodo": "outubro de 2024",
    "apresentado": "R$ 5,539,90",
    "glosa": "R$ 167,68",
    "id": 2,
    "lote": "788b743d-050f-4b62-b719-a012b89cd47e_Demonstrativo-outubro_2024.pdf",
    "total_procedimentos": 12,
    "liberado": "R$ 5,372,22",
    "upload_time": "2025-05-03T14:02:35.488941"
  }
]