[
  {
    "paciente": "RODRIGO BERNARDO CIRINO DE FRANCA",
    "id": 1,
    "descricao": "Quadrantectomia - Ressecção Segmentar",
    "crm": "6091",
    "qtd": 2,
    "prestador": "LIGA NORTERIOG CANCER POLICLINIC",
    "nome_medico": "MOISES DE OLIVEIRA SCHOTS",
    "dt_fim": "21/08/2024 16:49",
    "numero_guia": "10507705",
    "data": "21/08/2024",
    "codigo": "30602203",
    "papel": "Primeiro Auxiliar",
    "status": "Gerado pela execução",
    "user_id": "6091",
    "dt_inicio": "21/08/2024 16:06",
    "status_part": "Fechada"
  },
  {
    "paciente": "NOIVANA CAVALCANTI DE QUEIROZ DANTAS",
    "id": 2,
    "descricao": "Exérese De Lesão Da Mama Por Marcação Estereotáxica Ou Roll",
    "crm": "6091",
    "qtd": 1,
    "prestador": "LIGA NORTERIOG CANCER POLICLINIC",
    "nome_medico": "MOISES DE OLIVEIRA SCHOTS",
    "dt_fim": "04/09/2024 17:53",
    "numero_guia": "10696456",
    "data": "04/09/2024",
    "codigo": "30602076",
    "papel": "Cirurgiao",
    "status": "Gerado pela execução",
    "user_id": "6091",
    "dt_inicio": "04/09/2024 17:06",
    "status_part": "Fechada"
  },
  {
    "paciente": "NOIVANA CAVALCANTI DE QUEIROZ DANTAS",
    "id": 3,
    "descricao": "Quadrantectomia - Ressecção Segmentar",
    "crm": "6091",
    "qtd": 1,
    "prestador": "LIGA NORTERIOG CANCER POLICLINIC",
    "nome_medico": "MOISES DE OLIVEIRA SCHOTS",
    "dt_fim": "04/09/2024 17:53",
    "numero_guia": "10696456",
    "data": "04/09/2024",
    "codigo": "30602203",
    "papel": "Cirurgiao",
    "status": "Gerado pela execução",
    "user_id": "6091",
    "dt_inicio": "04/09/2024 17:06",
    "status_part": "Fechada"
  },
  {
    "paciente": "NUBIA KATIA PEREIRA MARQUES",
    "id": 4,
    "descricao": "Exérese De Lesão Da Mama Por Marcação Estereotáxica Ou Roll",
    "crm": "6091",
    "qtd": 1,
    "prestador": "LIGA NORTERIOG CANCER POLICLINIC",
    "nome_medico": "MOISES DE OLIVEIRA SCHOTS",
    "dt_fim": "05/09/2024 22:25",
    "numero_guia": "10714706",
    "data": "05/09/2024",
    "codigo": "30602076",
    "papel": "Primeiro Auxiliar",
    "status": "Gerado pela execução",
    "user_id": "6091",
    "dt_inicio": "05/09/2024 18:11",
    "status_part": "Fechada"
  },
  {
    "paciente": "NUBIA KATIA PEREIRA MARQUES",
    "id": 5,
    "descricao": "Mastoplastia Em Mama Oposta Após Reconstrução Da Contralateral",
    "crm": "6091",
    "qtd": 1,
    "prestador": "LIGA NORTERIOG CANCER POLICLINIC",
    "nome_medico": "MOISES DE OLIVEIRA SCHOTS",
    "dt_fim": "05/09/2024 22:25",
    "numero_guia": "10714706",
    "data": "05/09/2024",
    "codigo": "30602173",
    "papel": "Cirurgiao",
    "status": "Gerado pela execução",
    "user_id": "6091",
    "dt_inicio": "05/09/2024 18:11",
    "status_part": "Fechada"
  },
  {
    "paciente": "NUBIA KATIA PEREIRA MARQUES",
    "id": 6,
    "descricao": "Reconstrução Mamária Com Retalhos Cutâneos Regionais",
    "crm": "6091",
    "qtd": 1,
    "prestador": "LIGA NORTERIOG CANCER POLICLINIC",
    "nome_medico": "MOISES DE OLIVEIRA SCHOTS",
    "dt_fim": "05/09/2024 22:25",
    "numero_guia": "10714706",
    "data": "05/09/2024",
    "codigo": "30602246",
    "papel": "Cirurgiao",
    "status": "Gerado pela execução",
    "user_id": "6091",
    "dt_inicio": "05/09/2024 18:11",
    "status_part": "Fechada"
  },
  {
    "paciente": "NUBIA KATIA PEREIRA MARQUES",
    "id": 7,
    "descricao": "Ressecção Do Linfonodo Sentinela / Torácica Lateral",
    "crm": "6091",
    "qtd": 1,
    "prestador": "LIGA NORTERIOG CANCER POLICLINIC",
    "nome_medico": "MOISES DE OLIVEIRA SCHOTS",
    "dt_fim": "05/09/2024 22:25",
    "numero_guia": "10714706",
    "data": "05/09/2024",
    "codigo": "30602289",
    "papel": "Primeiro Auxiliar",
    "status": "Gerado pela execução",
    "user_id": "6091",
    "dt_inicio": "05/09/2024 18:11",
    "status_part": "Fechada"
  }
]